const,csp,flexdemand,week 1,week 2,week 3,week 4,week 5,week 6,week 7,week 8,week 9,week 10,week 11,week 12,week 13,week 14,week 15,week 16,week 17,week 18,week 19,week 20,week 21,week 22,week 23,week 24,week 25,week 26,week 27,week 28,week 29,week 30,week 31,week 32,week 33,week 34,week 35,week 36,week 37,week 38,week 39,week 40,week 41,week 42,week 43,week 44,week 45,week 46,week 47,week 48,week 49,week 50,week 51,week 52
1,1.2,3.45,10,10,10,10,10,10,10,10,10,10,10,10,10,10,10,10,10,10,10,10,10,10,10,10,10,10,10,10,10,10,10,10,10,10,10,10,10,10,10,10,10,10,10,10,10,10,10,10,10,10,10,10
1,1.195555556,3.4,9.966960278,9.961594573,9.968263767,9.949364866,9.946979224,9.963391518,9.955588087,9.946196613,9.94258147,9.943329649,9.94372563,9.941449184,9.934222127,9.939619153,9.927512478,9.930922359,9.928805143,9.915571217,9.917114702,9.909366966,9.908828996,9.908822864,9.912915915,9.913053303,9.911889293,9.909301883,9.910269631,9.907888723,9.905319552,9.904980186,9.906330175,9.908102035,9.910054183,9.913474875,9.913168843,9.909481678,9.913775836,9.916067066,9.923749349,9.925806164,9.928911879,9.927602509,9.927200827,9.93555672,9.935225491,9.938503124,9.952844981,9.944589527,9.949689158,9.953213114,9.948860091,9.940615933
1,1.191111111,3.35,9.924841604,9.913789876,9.927526396,9.888600381,9.883686679,9.917491038,9.901418332,9.882074739,9.874628638,9.87616966,9.876985261,9.87229647,9.85741092,9.868527161,9.843591074,9.850614398,9.846253572,9.818995691,9.822174803,9.806216812,9.805108757,9.805096125,9.813526572,9.81380955,9.811412041,9.806082761,9.808076028,9.803172079,9.797880364,9.797181372,9.799961942,9.803611437,9.807632271,9.814677861,9.814047527,9.806453082,9.81529775,9.820016989,9.835840168,9.840076584,9.846473418,9.84377651,9.842949168,9.860159778,9.859477547,9.86622848,9.895768364,9.878764627,9.889268323,9.896526607,9.887560696,9.870580225
1,1.186666667,3.3,9.872279401,9.855213894,9.876425118,9.816317577,9.808730093,9.860929036,9.836110395,9.806241018,9.794743134,9.797122701,9.798382109,9.791141921,9.768156423,9.785321549,9.746816532,9.757661586,9.750927824,9.708837612,9.713746632,9.689105127,9.687394126,9.687374621,9.700392482,9.700829441,9.697127332,9.688898132,9.691976033,9.684403608,9.676232416,9.675153068,9.67944668,9.685082042,9.691290807,9.702170243,9.701196914,9.689469964,9.703127443,9.710414648,9.734847983,9.741389638,9.751267298,9.747102873,9.745825334,9.772401068,9.771347603,9.781772044,9.827386006,9.801129715,9.817348979,9.828556846,9.81471215,9.788491784
1,1.182222222,3.25,9.807804012,9.784391493,9.813491606,9.731028838,9.720619412,9.792232214,9.758183011,9.7172046,9.701430416,9.704694994,9.706422801,9.696489838,9.664955562,9.688504751,9.635678927,9.650557479,9.641319293,9.583574867,9.590309653,9.556503466,9.554156108,9.55412935,9.571988819,9.572588293,9.567509293,9.556219486,9.560442121,9.550053355,9.53884313,9.537362349,9.543252845,9.550984113,9.559502045,9.574427767,9.573092436,9.557003994,9.575740969,9.585738435,9.619259029,9.62823366,9.641785025,9.636071764,9.634319082,9.670778878,9.669333607,9.683635111,9.746213843,9.710192298,9.732443839,9.747820142,9.728826319,9.692854061
1,1.177777778,3.2,9.729864702,9.6997689,9.737175863,9.631173465,9.617792589,9.709847815,9.666079005,9.613402992,9.593125947,9.597322423,9.599543446,9.586775043,9.546239066,9.576510551,9.508605192,9.527730939,9.515855643,9.441627628,9.45028491,9.406828488,9.403811059,9.403776662,9.426734254,9.427504852,9.420976013,9.406463443,9.411891462,9.398537143,9.384126873,9.382223393,9.389795375,9.399733593,9.410683033,9.429869418,9.428152906,9.407471895,9.431557484,9.444408802,9.487498108,9.499034616,9.516454321,9.509110166,9.506857167,9.553724692,9.551866857,9.570250836,9.650693146,9.604388975,9.632992389,9.652757976,9.62834222,9.582101405
1,1.173333333,3.15,9.636869053,9.599753667,9.645885479,9.515158942,9.498657093,9.612183401,9.558205896,9.49324366,9.468237171,9.473412438,9.476151496,9.460404974,9.410414332,9.447746378,9.364002683,9.387589345,9.372944239,9.281403184,9.292079701,9.238487446,9.234766228,9.234723808,9.263036059,9.263986393,9.255934759,9.238037258,9.244731315,9.228262217,9.210490877,9.208143426,9.217481507,9.229737729,9.243241031,9.266902473,9.2647856,9.239280923,9.268984266,9.284833043,9.337972555,9.352199853,9.373682554,9.364625438,9.361846947,9.419645914,9.417354757,9.440026638,9.53923142,9.482127202,9.517402114,9.541777853,9.511667334,9.45464125
1,1.168888889,3.1,9.527242096,9.482774472,9.538044598,9.381422265,9.361651542,9.497666429,9.432996447,9.355165755,9.325205696,9.331406139,9.33468778,9.315822009,9.255928653,9.300655854,9.200323257,9.228582233,9.211036058,9.101361511,9.114152955,9.049944537,9.045486178,9.045435355,9.079356019,9.080494605,9.070848011,9.049405171,9.057425263,9.037693779,9.01640209,9.013589629,9.024777504,9.039461577,9.055639767,9.083988335,9.081452128,9.050895195,9.086482514,9.105470796,9.169136786,9.186182389,9.211920627,9.201069375,9.197740489,9.266988932,9.264243915,9.291406901,9.410263292,9.341847222,9.38410979,9.413314151,9.377238999,9.308916541
1,1.164444444,3.05,9.399509496,9.347365105,9.412176913,9.228515732,9.205331846,9.364827968,9.288993539,9.197726371,9.16259409,9.16986496,9.173713135,9.151590429,9.081357249,9.133806031,9.016152292,9.04928982,9.028714522,8.900106063,8.915105787,8.839812605,8.834584567,8.83452497,8.874301603,8.875636752,8.864324797,8.839180124,8.848584782,8.82544691,8.800479482,8.797181486,8.810300804,8.827519896,8.846491043,8.87973363,8.87675958,8.840927381,8.882658397,8.904924764,8.979581874,8.999570183,9.029751799,9.017027217,9.013123641,9.094326944,9.091108036,9.122960364,9.262335794,9.182108563,9.231667224,9.265913345,9.223610279,9.14349282
1,1.16,3,9.252408307,9.192276137,9.267016193,9.055220728,9.028485401,9.212414063,9.124962876,9.019714875,8.979200827,8.987585492,8.992023153,8.966511562,8.885519657,8.946002847,8.810326227,8.848539953,8.824812812,8.676503365,8.693800833,8.606973806,8.600944907,8.60087618,8.646746029,8.648285703,8.635240918,8.606244437,8.617089756,8.59040749,8.561615407,8.557812205,8.572941216,8.592798028,8.614675286,8.653010165,8.649580532,8.60825935,8.656382964,8.682060222,8.768153741,8.791203975,8.826008986,8.811335178,8.80683363,8.900476126,8.896764126,8.933495779,9.094221544,9.001704641,9.058854984,9.098347125,9.04956383,8.957173515
1,1.155555556,2.95,9.085026612,9.01661561,9.101645671,8.860690792,8.830274618,9.03952607,8.940034846,8.82029659,8.77420468,8.783743723,8.788792348,8.759768392,8.667625745,8.736436094,8.582079891,8.625554778,8.598560949,8.429832667,8.449511602,8.35073047,8.343871528,8.34379334,8.395978422,8.397730075,8.382889319,8.349900684,8.362239156,8.33188335,8.299127252,8.294800436,8.312012367,8.33460301,8.359492268,8.403104988,8.399203172,8.352193004,8.406942144,8.436154577,8.534101213,8.56032494,8.599921809,8.583227752,8.578106443,8.684641379,8.680418322,8.722207087,8.905061132,8.799806757,8.864825402,8.909754712,8.854255067,8.749144708
1,1.151111111,2.9,8.896969274,8.820015924,8.915663522,8.644621077,8.610406896,8.845787168,8.733872669,8.599182931,8.547335614,8.558065778,8.563744815,8.531096695,8.427448376,8.504850938,8.331220577,8.380124088,8.349759593,8.15996254,8.182098745,8.070983005,8.063267602,8.06317965,8.121880982,8.12385136,8.107157468,8.070049606,8.083928759,8.049782482,8.012936195,8.008069098,8.027430249,8.052841742,8.080838873,8.129897427,8.1255084,8.072628163,8.134213722,8.167073854,8.277250896,8.306749128,8.35129038,8.33251177,8.326750973,8.446588718,8.441838336,8.488845183,8.694531855,8.576134572,8.649271968,8.699811513,8.637381736,8.519146452
1,1.146666667,2.85,8.688540653,8.602817683,8.709365301,8.407434806,8.369321569,8.631525824,8.506857526,8.356818519,8.299062672,8.311015648,8.317341869,8.280973162,8.165513061,8.251736434,8.058319123,8.112795688,8.078970849,7.867544486,7.892203338,7.768424827,7.759830174,7.759732199,7.825123146,7.827318069,7.808721738,7.767385057,7.782845881,7.744808288,7.70376299,7.698341237,7.71990879,7.748216181,7.77940387,7.834053148,7.829163946,7.770257467,7.838861329,7.875466207,7.998199046,8.031058903,8.080676085,8.05975746,8.053340162,8.18683464,8.181542903,8.23390666,8.463033425,8.331143565,8.412615713,8.468914755,8.399370468,8.267661068
1,1.142222222,2.8,8.460926549,8.36625265,8.483925643,8.150468493,8.108375589,8.397958407,8.260272628,8.094567008,8.030780473,8.043981542,8.050968328,8.010802112,7.883286021,7.978512575,7.764899222,7.825064063,7.787707337,7.554204483,7.581438137,7.444735053,7.435242973,7.435134768,7.507353637,7.509777747,7.489239644,7.443586713,7.460661909,7.418652547,7.373321426,7.36733355,7.391153121,7.422416282,7.456860495,7.517216082,7.511816364,7.446759052,7.522526318,7.562953366,7.698501591,7.734792573,7.789590629,7.766487746,7.759400373,7.906833935,7.900989651,7.95882107,8.211872549,8.066211154,8.156190375,8.218367989,8.141562101,7.99610001
1,1.137777778,2.75,8.216347922,8.112598118,8.241551822,7.876127831,7.829999694,8.147343344,7.99645833,7.814867355,7.74496593,7.759432518,7.767089091,7.723072345,7.583331934,7.687687373,7.453595995,7.519528532,7.478590608,7.222703022,7.252547428,7.102739314,7.092337277,7.092218699,7.171360824,7.17401732,7.151510334,7.101480889,7.120192998,7.074156412,7.024479626,7.017917723,7.044020754,7.078280956,7.11602716,7.182168731,7.17625137,7.104957344,7.187988032,7.232290616,7.38083316,7.420603174,7.480654441,7.455336802,7.447569999,7.609137266,7.602732721,7.666108144,7.943418382,7.78379317,7.88239824,7.950536506,7.866367629,7.706960826
1,1.133333333,2.7,7.958150541,7.845266619,7.985573389,7.587977521,7.53778827,7.88307081,7.718901901,7.521323682,7.445268145,7.461008369,7.469339026,7.421447052,7.269403915,7.382946792,7.128246042,7.199983271,7.155441177,6.877025285,6.909497187,6.746499989,6.735182158,6.73505314,6.821162926,6.824053301,6.799564803,6.745130772,6.765490292,6.715400652,6.661350329,6.654210717,6.682611855,6.719888321,6.760957695,6.83292236,6.826484036,6.748913294,6.839253992,6.887456969,7.049077178,7.092348538,7.15768671,7.13014011,7.121689518,7.297481145,7.290512744,7.359467731,7.661192323,7.48751373,7.594799977,7.668937126,7.577358032,7.403917077
1,1.128888889,2.65,7.690791467,7.568791576,7.720428854,7.290725033,7.236482736,7.609648654,7.432222244,7.218688547,7.136491126,7.153502456,7.162505858,7.110746355,6.946424937,7.069136997,6.793867825,6.871398212,6.82325911,6.522359673,6.557453853,6.381293775,6.36906197,6.368922533,6.461986137,6.465109924,6.438643851,6.379813987,6.401817645,6.347683003,6.289267833,6.28155166,6.31224634,6.352533075,6.396919017,6.474695206,6.467736953,6.383901967,6.481538151,6.533633771,6.70830566,6.755071409,6.825685982,6.795914849,6.786781827,6.976769551,6.969238415,7.043761878,7.369852314,7.182148264,7.298098438,7.378222551,7.279247965,7.091800743
1,1.124444444,2.6,7.419689525,7.288675835,7.45151663,6.990064717,6.9318148,7.332551583,7.14201626,6.912705911,6.824435443,6.842703633,6.852372239,6.796788554,6.620326468,6.752104945,6.456497877,6.539756493,6.488060698,6.164929709,6.202616774,6.013441345,6.000305809,6.00015607,6.100095553,6.103450138,6.075028655,6.011852225,6.035481593,5.977347286,5.914616189,5.906329917,5.939292432,5.982555699,6.030221037,6.113743616,6.106271262,6.016242239,6.121092142,6.177036778,6.364614066,6.41483504,6.490666876,6.458696142,6.44888834,6.652913053,6.644825489,6.724855019,7.075038212,6.873465897,6.997982896,7.084026872,6.97773968,6.776443171
1,1.12,2.55,7.150925644,7.011088878,7.184896136,6.692367888,6.630195149,7.057919425,6.85455256,6.609799377,6.515584363,6.535082818,6.545402553,6.486075602,6.297729732,6.43838279,6.122868156,6.211733798,6.156556566,5.811664421,5.85188951,5.64997412,5.635953976,5.635794153,5.74246403,5.746044527,5.715709008,5.648277982,5.673498663,5.611449318,5.544493616,5.535649307,5.570831672,5.61700849,5.667883836,5.757031216,5.749055639,5.65296364,5.764874627,5.824586837,6.024796459,6.078399548,6.159338256,6.125214463,6.114746157,6.33251085,6.323878633,6.409297726,6.783063896,6.567916758,6.700819314,6.792657895,6.679212826,6.464360066
1,1.115555556,2.5,6.890809114,6.742428922,6.926855057,6.404235447,6.338264221,6.792120614,6.576328906,6.316622355,6.216651207,6.237340934,6.248291161,6.185339588,5.985486594,6.134732949,5.799941726,5.894236677,5.835688353,5.469724778,5.512407448,5.298155895,5.28327918,5.283109592,5.396296541,5.400095791,5.367906902,5.296356129,5.323117686,5.257277393,5.186230984,5.176846326,5.214178183,5.263176206,5.317159817,5.41175372,5.403290869,5.301328062,5.420076329,5.483436698,5.695878269,5.752756277,5.838639992,5.802431382,5.791323508,6.022392689,6.01323308,6.103870913,6.500472592,6.272180887,6.413203219,6.510652743,6.390276667,6.162297326
1,1.111111111,2.45,6.64536075,6.488801312,6.683393674,6.131965405,6.062357609,6.541232187,6.31354527,6.039522766,5.934040852,5.955871071,5.967424913,5.901003225,5.69013362,5.847606967,5.494360857,5.593853682,5.532077965,5.145941171,5.190976662,4.964914798,4.949218026,4.94903909,5.068465307,5.072473986,5.038510731,4.963015823,4.991252572,4.921782927,4.846820187,4.836918213,4.876307935,4.928006905,4.984966284,5.084774541,5.075845188,4.968261826,5.093555923,5.160408941,5.38456105,5.444574377,5.535192309,5.496987752,5.485267572,5.729074111,5.719409591,5.815043706,6.233507485,5.992631526,6.141427512,6.244248802,6.117237167,5.876690791
1,1.106666667,2.4,6.419792261,6.255493142,6.459705383,5.881016677,5.807967747,6.310515994,6.071573134,5.78400404,5.673307516,5.696216934,5.708341953,5.638636639,5.417342473,5.582600681,5.211891477,5.316302834,5.25147317,4.846247298,4.893509166,4.656271695,4.639798936,4.639611155,4.764941332,4.769148184,4.73350592,4.654278842,4.683911505,4.611007555,4.532338952,4.521947464,4.563284458,4.617539221,4.677314448,4.782056831,4.772686045,4.659784187,4.791272329,4.861430297,5.096663601,5.159643751,5.254741475,5.214648235,5.202348656,5.458208028,5.448065733,5.54842762,5.987578597,5.734794681,5.890946554,5.998850922,5.865560334,5.613122294
1,1.102222222,2.35,6.218070883,6.046533868,6.259742304,5.655560529,5.579293562,6.10398065,5.854511601,5.554274178,5.438701121,5.462619772,5.475278936,5.402502883,5.171460008,5.343998364,4.956958246,5.065969254,4.998283638,4.575206283,4.624550186,4.376861654,4.359663218,4.359467164,4.490318533,4.49471071,4.457498291,4.37478101,4.405719085,4.329603485,4.247469281,4.236620015,4.279778035,4.336422892,4.398831406,4.508188023,4.498404425,4.380528882,4.517809493,4.591058142,4.836654217,4.902408842,5.001695922,4.959836448,4.946995033,5.214125821,5.203536725,5.308319871,5.766816839,5.502896991,5.665927848,5.778585746,5.639423285,5.37586455
1,1.097777778,2.3,6.042643557,5.864416779,6.08594012,5.458195889,5.378954591,5.924103925,5.664905845,5.352959477,5.232879192,5.257730646,5.270883504,5.19526926,4.955215956,5.134483126,4.73234885,4.845611173,4.775285889,4.335708961,4.386977224,4.1296291,4.111759942,4.111556242,4.247510677,4.252074145,4.21341048,4.127467312,4.159611939,4.080527911,3.99519056,3.983918184,4.028759321,4.087613268,4.152455649,4.266077059,4.255911911,4.133439346,4.276073756,4.352179025,4.60735309,4.675672076,4.778831249,4.735339299,4.721997082,4.99954569,4.988543631,5.09741321,5.573791078,5.299578634,5.468967523,5.58601896,5.441429309,5.167592061
1,1.093333333,2.25,5.894359194,5.710020188,5.939140598,5.289868092,5.20790924,5.771754285,5.503667095,5.181022632,5.056824235,5.082527961,5.096131892,5.017924483,4.769638633,4.95505371,4.539128375,4.656274991,4.583537925,4.128885856,4.181912347,3.915738556,3.897256582,3.897045897,4.037662842,4.042382813,4.002393191,3.913502631,3.946749647,3.864953459,3.776689493,3.765030534,3.811409483,3.872281806,3.939347934,4.056865952,4.046352193,3.919679473,4.067205483,4.145920756,4.409845929,4.480507891,4.587204872,4.54222138,4.528421597,4.81548864,4.804109269,4.916712493,5.409427579,5.125811111,5.301009135,5.422074812,5.272526508,4.989298104
1,1.088888889,2.2,5.772583154,5.582722452,5.818705942,5.149985106,5.065571256,5.646305734,5.370188251,5.037879286,4.909960646,4.936434302,4.950445725,4.869895689,4.614172676,4.805141683,4.376757707,4.497413336,4.422497502,3.95422677,4.008841618,3.734694848,3.715659264,3.715442268,3.860271259,3.865132611,3.823945139,3.732391948,3.766634847,3.682388533,3.591480705,3.579472513,3.627240698,3.689936393,3.759011422,3.880049579,3.869220891,3.738753812,3.89069882,3.971771933,4.243602729,4.316381302,4.426274289,4.37994336,4.365730218,4.661396076,4.649675847,4.765651992,5.273125881,4.981013957,5.161459869,5.28615195,5.132124071,4.840411834
1,1.084444444,2.15,5.675460115,5.480666644,5.722781218,5.036686355,4.950079349,5.545901882,5.262610595,4.921667915,4.790425822,4.81758729,4.831962744,4.749319939,4.486952989,4.682883559,4.243369744,4.367160126,4.290297904,3.809861037,3.865894832,3.584625459,3.565095312,3.564872678,3.713464469,3.718452124,3.67619456,3.582262727,3.61739529,3.530960174,3.43769047,3.425370295,3.474379544,3.538704135,3.609573802,3.733756649,3.722646621,3.588789879,3.744682568,3.827862041,4.106755269,4.181424702,4.294172816,4.246638164,4.23205575,4.5354033,4.523378568,4.642367887,5.163026449,4.863325169,5.048459243,5.176390948,5.018361273,4.719070064
1,1.08,2.1,5.600260555,5.401109661,5.648640205,4.947197775,4.858653419,5.467804176,5.178175818,4.829606436,4.69542853,4.723197584,4.73789461,4.65340313,4.385167176,4.585480605,4.136135107,4.262694612,4.184113024,3.692929047,3.750216288,3.462655073,3.442688047,3.442460433,3.59437614,3.599475366,3.556272524,3.460239488,3.496157947,3.407789325,3.312433229,3.299837457,3.349943017,3.415706513,3.488161496,3.615122246,3.603763692,3.466912648,3.626292572,3.711332724,3.996464641,4.072804387,4.188074616,4.139476639,4.124568025,4.434701293,4.422407574,4.54405862,5.076364029,4.769958595,4.959234017,5.090027484,4.928462772,4.622476582
1,1.075555556,2.05,5.543744896,5.340789264,5.593048829,4.878205483,4.787969504,5.408757964,5.113596314,4.758367584,4.621626236,4.649925813,4.664903622,4.578797949,4.305437401,4.509577778,4.051647624,4.180625023,4.10054215,3.599974201,3.658355903,3.365300889,3.344952397,3.344720434,3.499538461,3.504735107,3.460706883,3.362839155,3.399443829,3.309386942,3.212209087,3.199372676,3.250435492,3.317455387,3.391294608,3.520680917,3.50910536,3.369639804,3.532064649,3.618729477,3.909308782,3.987106984,4.104579427,4.055052996,4.039859556,4.355917858,4.34338927,4.467364434,5.009839431,4.697580183,4.890471674,5.023763924,4.85911255,4.547280556
1,1.071111111,2,5.502493018,5.296256382,5.552594004,4.826194419,4.734499675,5.365323872,5.065390605,4.704419208,4.565467284,4.594224355,4.609444296,4.52194663,4.244166904,4.451607437,3.986274333,4.117336795,4.035959294,3.527299107,3.586624614,3.288832039,3.268154591,3.267918879,3.425239711,3.430520367,3.385780378,3.286330509,3.323526938,3.232014181,3.133265338,3.120221412,3.172109715,3.240213061,3.315245975,3.446723958,3.43496127,3.293241098,3.458291722,3.546357582,3.841634425,3.920690322,4.040061837,3.989734757,3.974295697,4.295463434,4.282732307,4.408711668,4.959956377,4.642649111,4.838658907,4.974105975,4.806792828,4.489919723
1,1.066666667,1.95,5.473167493,5.26414075,5.52394628,4.787719474,4.694784222,5.334142631,5.030151666,4.664296806,4.523465047,4.552611163,4.56803701,4.479355617,4.1978179,4.408064828,3.936436386,4.069271949,3.986793518,3.471251835,3.531379937,3.229558625,3.208601438,3.208362537,3.367811711,3.373163807,3.327818546,3.227023252,3.264722899,3.171972096,3.071887313,3.05866692,3.111257203,3.180281897,3.256329906,3.389586611,3.37766479,3.234027332,3.401310871,3.490568146,3.789839692,3.86996511,3.990951563,3.939943624,3.924295695,4.249808404,4.236905042,4.364588736,4.923291053,4.601691041,4.80035259,4.937632076,4.768055405,4.446895428
1,1.062222222,1.9,5.452698968,5.241338197,5.504044759,4.759597122,4.665624139,5.312121731,5.004736352,4.634796296,4.492391986,4.521863552,4.537461647,4.447790023,4.163108609,4.375703189,3.898808465,4.033127292,3.949727893,3.428429586,3.489229089,3.18403759,3.162846392,3.162604823,3.323834433,3.329246291,3.283394697,3.181473906,3.219594514,3.125808041,3.024605693,3.011237679,3.064415195,3.13421063,3.211107804,3.345852475,3.333797533,3.188556196,3.35770765,3.447961586,3.750574849,3.83159496,3.953932368,3.902354866,3.886532209,4.215679647,4.202632204,4.331741636,4.896682516,4.571491465,4.772371301,4.911183673,4.739713481,4.414967378
1,1.057777778,1.85,5.438397278,5.225123178,5.490207874,4.739021173,4.644197506,5.296547475,4.98637951,4.613090595,4.46939718,4.499135535,4.514874831,4.42439146,4.137132986,4.351652065,3.870440283,4.005975022,3.921820655,3.395803329,3.457153216,3.14919899,3.12781596,3.127572204,3.290261335,3.295722183,3.249455521,3.146612099,3.185077791,3.090442321,2.988323847,2.974834819,3.028493721,3.098920974,3.176514255,3.312478694,3.300314625,3.1537585,3.324441187,3.415512141,3.720864791,3.802618331,3.926063191,3.874018787,3.858052897,4.19017992,4.177014366,4.307292553,4.877347524,4.549212701,4.75191099,4.891979952,4.718957537,4.39127169
1,1.053333333,1.8,5.428000748,5.213199047,5.480182443,4.723615277,4.628112424,5.285134929,4.972745348,4.596782706,4.452060069,4.482011429,4.49786346,4.40673199,4.117415993,4.333471591,3.848813071,3.985318594,3.900561462,3.370776472,3.432565785,3.1224058,3.100869612,3.10062411,3.264478521,3.269978484,3.223380431,3.11980038,3.158541588,3.06322828,2.960378369,2.946792725,3.000835965,3.071767662,3.149916714,3.286855015,3.274603819,3.126997968,3.298903191,3.390626452,3.698166226,3.780505337,3.904834385,3.852417207,3.836336959,4.170842882,4.157583029,4.288794348,4.862932407,4.532447279,4.736597419,4.877669641,4.703407932,4.373374997
1,1.048888889,1.75,5.419679462,5.203701971,5.472146792,4.711438298,4.615412678,5.276031619,4.961932068,4.583911467,4.438396641,4.46851195,4.484450752,4.392820444,4.101920778,4.319159029,3.831847566,3.969100299,3.883879219,3.351194272,3.41332181,3.101464059,3.079809985,3.079563139,3.244314463,3.249844532,3.202991408,3.098844377,3.137797648,3.041962611,2.938549716,2.924889706,2.97922877,3.050548736,3.129125564,3.266813442,3.254495186,3.106081364,3.278927568,3.371152907,3.680376105,3.763165927,3.888175532,3.83547143,3.819303162,4.155640117,4.142307681,4.27423723,4.851518028,4.519223878,4.724491502,4.866335932,4.691120342,4.359280859
1,1.044444444,1.7,5.412007917,5.195173978,5.464683303,4.700958258,4.604551854,5.267790445,4.952445348,4.572925725,4.426833868,4.457068598,4.473070604,4.381076941,4.089023727,4.307123425,3.817879553,3.955676555,3.870117535,3.335320253,3.397694154,3.084599746,3.062859804,3.06261198,3.228016617,3.233568615,3.186529698,3.081969677,3.121077415,3.024862348,2.921039375,2.907325197,2.96187974,3.033482522,3.112370941,3.250604815,3.23823771,3.089235361,3.262766978,3.355358033,3.665807439,3.74892556,3.874430885,3.821517787,3.805285404,4.142956087,4.129570782,4.262023491,4.841593467,4.507981621,4.714063224,4.856470131,4.680559732,4.347404357
1,1.04,1.65,5.403919994,5.186518152,5.45673334,4.69100805,4.594349151,5.259324807,4.943153801,4.562640191,4.41616571,4.446479627,4.462523544,4.370288943,4.077470822,4.296141738,3.805616505,3.943774406,3.857991302,3.321793351,3.384330613,3.070416191,3.048619311,3.048370837,3.21420868,3.219775219,3.172613104,3.067779233,3.106989397,3.010522337,2.906427445,2.892677349,2.947374773,3.019165087,3.098260121,3.236856037,3.224456543,3.075063947,3.249050055,3.341883611,3.653146105,3.736481917,3.862315948,3.809264268,3.792989371,4.131544435,4.118124073,4.250923684,4.832011591,4.497525995,4.704147338,4.846927218,4.670556099,4.336528168
1,1.035555556,1.6,5.394656049,5.17694585,5.447544305,4.680732927,4.583936928,5.249855772,4.933236316,4.552182994,4.405500757,4.43585767,4.451924343,4.359558918,4.066325471,4.285306545,3.794085561,3.932439422,3.846534645,3.309576162,3.372202126,3.057842455,3.036014658,3.035765832,3.201838895,3.20741333,3.160184321,3.055201756,3.094467535,2.997863648,2.89362111,2.879851511,2.934626517,3.006518657,3.085725877,3.224518376,3.212101294,3.062496803,3.236729689,3.329694918,3.6413989,3.724852913,3.850865425,3.797738498,3.781440517,4.12047578,4.107036383,4.240024355,4.821936464,4.48697644,4.693890852,4.836873247,4.660251967,4.325750258
1,1.031111111,1.55,5.38370889,5.165922723,5.4366156,4.669536652,4.572706877,5.238858086,4.922128149,4.540941863,4.394208442,4.424575948,4.440648227,4.348250573,4.054914805,4.27397229,3.7825799,3.920982038,3.835047285,3.297901437,3.360549253,3.04607989,3.024244476,3.023995564,3.190126576,3.195702956,3.148457467,3.04343827,3.08271775,2.986080154,2.881801241,2.868026838,2.922820957,2.994738183,3.073973042,3.21281397,3.200392556,3.050735862,3.225029544,3.318027213,3.62983996,3.713323094,3.839379577,3.786234112,3.769930444,4.10908401,4.095639923,4.228674299,4.810789461,4.475712556,4.682699168,4.825731455,4.649048545,4.314430115
1,1.026666667,1.5,5.370772834,5.153117802,5.423647687,4.657030618,4.560259148,5.226009248,4.909470023,4.52851326,4.381868192,4.412217413,4.428280014,4.335937995,4.042778853,4.261704437,3.770607928,3.908926731,3.823043722,3.286221304,3.348831399,3.034551386,3.01272912,3.012480357,3.178511338,3.18408436,3.136867319,3.031911357,3.071167185,2.974587778,2.870371654,2.856605545,2.911366671,2.983240593,3.062427743,3.201185071,3.188771136,3.039204554,3.21339329,3.306334962,3.617959958,3.701392825,3.827373405,3.77425994,3.757966089,4.096915441,4.083479449,4.216433722,4.798198375,4.46332323,4.670185209,4.813131373,4.636554849,4.302137902
1,1.022222222,1.45,5.355698179,5.138357956,5.408496556,4.642988299,4.546356796,5.211143975,4.895062583,4.514656824,4.368223859,4.398529183,4.414568553,4.322360094,4.029624968,4.248233905,3.757847704,3.895966446,3.810207656,3.274161682,3.336681219,3.022855771,3.001065069,3.000816666,3.166607504,3.172172465,3.125023717,3.02021956,3.059418611,2.962978893,2.858913504,2.845167306,2.899849227,2.971619193,3.050691809,3.189248443,3.176852463,3.02750221,3.201439004,3.294246247,3.605420519,3.688732711,3.814531077,3.761494433,3.745224149,4.083683255,4.070266697,4.203028668,4.783951875,4.449561083,4.656123863,4.798863274,4.622542144,4.288608888
1,1.017777778,1.4,5.338452045,5.121588718,5.39113457,4.627306016,4.530886545,5.194215027,4.878827191,4.49925613,4.353144473,4.3833833,4.399387476,4.307381344,4.015288547,4.233417805,3.744107624,3.881923302,3.796352686,3.261482921,3.323865276,3.010728434,2.988985546,2.988737688,3.154164743,3.159717493,3.1126722,3.008098008,3.047211047,2.95098294,2.847145895,2.833429859,2.887991795,2.959604282,3.038503393,3.176756002,3.164387221,3.015364678,3.188919814,3.281523417,3.5920149,3.675144286,3.800666621,3.747746352,3.731511769,4.069228217,4.055841098,4.188311759,4.767960285,4.434303224,4.640412758,4.782838965,4.606904725,4.273704196
1,1.013333333,1.35,5.319085695,5.102841567,5.371617798,4.609970166,4.513825997,5.175260509,4.860773185,4.482285895,4.336591423,4.366743911,4.382702391,4.29095896,3.999700161,4.217206605,3.729293528,3.866715707,3.781389418,3.24804684,3.310251078,2.99800832,2.976327513,2.976080363,3.141035082,3.146571978,3.099661011,2.995385405,3.034386766,2.938433414,2.83489285,2.821215977,2.875622125,2.94703014,3.025703975,3.163561837,3.151228373,3.002631326,3.175690919,3.268030115,3.577635067,3.660527097,3.785691035,3.732921866,3.716733637,4.05348582,4.040136924,4.172229348,4.750222832,4.417518446,4.623039485,4.76505903,4.589627126,4.257377968
1,1.008888889,1.3,5.297707935,5.082207301,5.350059422,4.591030497,4.495216892,5.154377252,4.840971202,4.463785232,4.318591689,4.348640507,4.364544117,4.27311612,3.982858731,4.199617342,3.713381814,3.850331506,3.765298586,3.233789755,3.295780121,2.984610921,2.963004657,2.962758356,3.127145926,3.132663784,3.085914108,2.981997023,3.020864289,2.925240846,2.822056276,2.808426427,2.862645515,2.933808014,3.012211351,3.149595229,3.13730417,2.989218031,3.161682608,3.253704323,3.562244787,3.644851816,3.769585413,3.716997677,3.700865106,4.036459463,4.023156464,4.154794726,4.730800945,4.399240467,4.604054881,4.745586132,4.570757401,4.239650587
1,1.004444444,1.25,5.274463952,5.059814818,5.326608584,4.570578787,4.475143768,5.131699607,4.819531908,4.443836302,4.299216458,4.329146545,4.344987316,4.253920575,3.964810072,4.180712211,3.696397931,3.832806498,3.748109566,3.218700869,3.280446295,2.970506608,2.948985716,2.948740389,3.112478419,3.117974475,3.071409519,2.967903039,3.006616729,2.91137112,2.808594261,2.795018267,2.849023121,2.919904437,2.997997982,3.134839019,3.122596525,2.975095515,3.146878638,3.23853675,3.545858087,3.628138714,3.752379455,3.699999507,3.68393068,4.018199013,4.004948577,4.136066701,4.709796964,4.379546571,4.583551708,4.724523731,4.550385796,4.220587274
1,1,1.2,5.249518799,5.035814559,5.301433888,4.548732164,4.453717253,5.107382908,4.796589384,4.422547605,4.278564383,4.308362716,4.324133755,4.233467894,3.945630066,4.160581795,3.678399486,3.814207577,3.729883484,3.202805265,3.264278885,2.955703565,2.934277409,2.934033161,3.09705041,3.102522272,3.056162297,2.953111457,2.991654728,2.896828394,2.794503962,2.78098773,2.834754853,2.905324147,2.983073921,3.119312578,3.107123976,2.960272271,3.131299198,3.222553827,3.528522324,3.610440748,3.734134577,3.681985207,3.665987116,3.998783987,3.98559188,4.116132817,4.687337497,4.358540879,4.561647978,4.701999436,4.528628063,4.200281327
1,0.995555556,1.15,5.223044805,5.010365849,5.274710822,4.525620316,4.431061255,5.081590835,4.772288397,4.400041148,4.256748711,4.286404081,4.302099457,4.21186858,3.925411704,4.139332165,3.659463209,3.794619738,3.710700204,3.186150734,3.247329424,2.940234547,2.918911187,2.918668111,3.080903257,3.086348867,3.040211312,2.937654875,2.976013229,2.88164184,2.779808328,2.766356942,2.819866108,2.890096833,2.967473589,3.103058618,3.090928493,2.944781334,3.11498773,3.205804549,3.510305109,3.591830516,3.714930901,3.663031728,3.64711039,3.97831061,3.965181795,4.095096439,4.663560665,4.336341507,4.538474163,4.678152262,4.505612667,4.178841232
1,0.991111111,1.1,5.195212178,4.983627437,5.246612378,4.50137588,4.407303319,5.054485977,4.746774875,4.376442808,4.233887598,4.263390394,4.279005018,4.189238372,3.904255293,4.117075151,3.639675081,3.774136241,3.690648466,3.168797761,3.229661691,2.924146792,2.902933139,2.902691314,3.064091772,3.069509365,3.023609184,2.921580392,2.959741395,2.86585554,2.764545952,2.751163773,2.804397638,2.874267033,2.951245691,3.086133146,3.07406543,2.928670186,3.098000884,3.188350458,3.491284388,3.572390353,3.694857397,3.64322524,3.627385817,3.956882039,3.94382077,4.073067013,4.638606538,4.313070895,4.514163596,4.653123062,4.48147117,4.156380946
1,0.986666667,1.05,5.166182186,4.955750614,5.217302247,4.476127402,4.38256755,5.026222965,4.720188935,4.351875233,4.210096971,4.239438972,4.254968494,4.16569109,3.882261212,4.09392117,3.619123003,3.752851328,3.669818575,3.150812035,3.211344247,2.907494451,2.886396416,2.886155908,3.04667671,3.052064776,3.006414758,2.904942038,2.942895058,2.849520895,2.74876346,2.735454215,2.788397948,2.857886544,2.934445657,3.068597955,3.056596009,2.911993192,3.080401012,3.170258167,3.471541061,3.552204986,3.674004566,3.622653812,3.606900716,3.934601134,3.921611051,4.050152883,4.612610132,4.288848707,4.488845422,4.627047538,4.456331175,4.133012742
1,0.982222222,1,5.136102387,4.926874361,5.186930071,4.449994313,4.356969569,4.996943651,4.692659957,4.326452795,4.185485422,4.214659604,4.230100305,4.141333516,3.859524692,4.069974078,3.597891479,3.730854957,3.648297103,3.132258977,3.19244498,2.890333028,2.869355661,2.869116529,3.028719246,3.034076495,2.988687568,2.887795214,2.925531164,2.832691046,2.732509886,2.719276762,2.771917688,2.841008849,2.917130089,3.050515114,3.038581812,2.894806039,3.062250664,3.151593889,3.45115362,3.531356195,3.652459152,3.601402095,3.585739097,3.91156526,3.898649473,4.02645612,4.585696442,4.263786744,4.462639594,4.600051275,4.430311309,4.10884207
1,0.977777778,0.98,5.105103447,4.897122095,5.155628277,4.423083511,4.33061305,4.966773881,4.664303245,4.300278109,4.160150682,4.189151031,4.20449973,4.116261853,3.836132172,4.045327606,3.576057887,3.708229109,3.626163171,3.113199831,3.173027219,2.872715385,2.85186301,2.851625303,3.010277035,3.015602364,2.970483885,2.870192692,2.907703795,2.81541686,2.715832623,2.702678348,2.755005616,2.823685101,2.899352777,3.031943034,3.020080837,2.877161743,3.043608659,3.132419537,3.430194357,3.509919049,3.630300421,3.579547585,3.563977914,3.887862659,3.87502383,4.002068948,4.557977066,4.23798545,4.435653446,4.572246366,4.403517788,4.083964005
1,0.973333333,0.96,5.073297191,4.866599643,5.123510147,4.395487151,4.303587481,4.935821489,4.63521791,4.273439787,4.134177323,4.162998662,4.178252619,4.090559406,3.812158878,4.020063014,3.55368995,3.68504532,3.60348595,3.093688972,3.153147064,2.854688961,2.833965301,2.833729062,2.991401486,2.996693943,2.951853966,2.852181839,2.889461398,2.797744122,2.698774587,2.68570151,2.737705777,2.805961326,2.881161928,3.012933748,3.001144772,2.859107873,3.024527364,3.11279004,3.40872679,3.487959366,3.607597662,3.557158107,3.541684543,3.863570049,3.85081047,3.977071378,4.52954805,4.211531641,4.407979495,4.54372927,4.3760422,4.058460923
1,0.968888889,0.94,5.040775581,4.83539414,5.090668816,4.367281367,4.275966851,4.90417523,4.605485687,4.246011117,4.107635381,4.136273205,4.151430035,4.064295193,3.787667327,3.994247673,3.53084415,3.66136314,3.580323084,3.073772141,3.132851645,2.836293917,2.815702211,2.815467476,2.972135952,2.97739471,2.932840243,2.833802759,2.870844947,2.779711663,2.681372299,2.668382462,2.720055602,2.787876546,2.862598323,2.993531111,2.981817199,2.840684693,3.005050906,3.092751587,3.386804016,3.465532094,3.584408616,3.534290224,3.518915186,3.838751147,3.826072812,3.951529778,4.500488659,4.18449716,4.379694169,4.514579583,4.347960229,4.03240109
1,0.964444444,0.92,5.007610389,4.803573629,5.057176961,4.3385257,4.247809041,4.871904393,4.57517044,4.218049435,4.080579676,4.109030003,4.124087597,4.037523247,3.762706528,3.967934345,3.507564834,3.637229285,3.556719817,3.053485382,3.112178079,2.817561984,2.797105097,2.796871898,2.952514629,2.957738957,2.913476198,2.815087136,2.8518868,2.761350187,2.663654674,2.650749884,2.702084708,2.769461612,2.843694169,2.973769708,2.96213249,2.821924012,2.985214081,3.072340565,3.364467764,3.442680391,3.5607786,3.510988346,3.495713971,3.81345589,3.800860564,3.925496134,4.470860852,4.156938224,4.350857233,4.48485952,4.319331061,4.005837963
1,0.96,0.9,4.973853371,4.771187154,5.023086997,4.309263017,4.219155714,4.83905893,4.544318181,4.189596007,4.053049652,4.081308873,4.096265324,4.010282439,3.737311702,3.941160975,3.483883829,3.612677307,3.532708632,3.032854492,3.091152942,2.798515824,2.778196349,2.777964717,2.932561974,2.937751209,2.89378577,2.796057601,2.832610076,2.74268161,2.645642331,2.632824225,2.683814225,2.75073855,2.824472476,2.95367428,2.942115231,2.802848552,2.96504178,3.051583023,3.341747962,3.419435224,3.536740151,3.487284345,3.472112571,3.787720174,3.775209451,3.899007827,4.440709255,4.128895288,4.321511716,4.454613892,4.290197311,3.978809989
1,0.955555556,0.88,4.9395368,4.738265226,4.988431627,4.279519808,4.190032577,4.805669944,4.512957446,4.160676284,4.025069569,4.053134326,4.067987854,3.982596657,3.711504362,3.913950851,3.459820447,3.587727636,3.508309263,3.011894858,3.069792128,2.779168785,2.758989138,2.7587591,2.912292499,2.917446025,2.873783133,2.776727478,2.813028419,2.723718793,2.627347287,2.614617388,2.665256503,2.731720289,2.804946817,2.933259522,2.921780016,2.783471698,2.944548797,3.030494508,3.318662685,3.395815344,3.51231304,3.463197563,3.448130192,3.761565949,3.749141319,3.87208778,4.410061503,4.100393276,4.291684219,4.423870455,4.260585302,3.951340785
1,0.951111111,0.86,4.904674245,4.704820526,4.953224633,4.249306735,4.160449896,4.771750413,4.481099924,4.131300403,3.996648968,4.024516023,4.039264915,3.954475256,3.685292667,3.886313025,3.435381737,3.562387884,3.483528974,2.990611553,3.048100968,2.759524917,2.739487425,2.739259008,2.891710843,2.896828065,2.853472755,2.757100808,2.793146027,2.704465542,2.608772924,2.596132701,2.646415088,2.712410671,2.785121356,2.912530164,2.901131525,2.763797518,2.923739911,3.009080179,3.295218358,3.371827516,3.487504546,3.438735062,3.423773833,3.735001596,3.722664491,3.844744857,4.37892883,4.071442058,4.261385454,4.392640505,4.230505613,3.923439565
1,0.946666667,0.84,4.8692615,4.670848772,4.917461828,4.218619339,4.130403178,4.737296079,4.448741246,4.101463859,3.967783292,3.995449419,4.010091969,3.925913662,3.658671941,3.858242896,3.410562925,3.53665333,3.45836301,2.968999637,3.026074539,2.739579188,2.719686171,2.7194594,2.870812023,2.875892348,2.832849641,2.737172557,2.772957882,2.684916803,2.589914151,2.577365066,2.627284907,2.692804646,2.76499107,2.891481231,2.880164779,2.743820982,2.902610154,2.987335099,3.271410157,3.347466945,3.462309917,3.413892072,3.399038718,3.708022457,3.695774306,3.816974444,4.347306829,4.042037107,4.230610967,4.36091964,4.199953778,3.895101745
1,0.942222222,0.82,4.833277605,4.636329673,4.881122091,4.187438856,4.099873956,4.702286428,4.415861872,4.071148285,3.938454624,3.965916503,3.980450953,3.896894099,3.631625309,3.829722917,3.385347976,3.510507509,3.432795172,2.947044559,3.003698102,2.719317822,2.699571667,2.699346571,2.849581822,2.854624642,2.8118997,2.716928958,2.752450096,2.665058987,2.570757698,2.558301258,2.607852562,2.672888597,2.7445421,2.870098439,2.858865531,2.723528301,2.881145201,2.965244658,3.247222512,3.322717806,3.436712941,3.388652545,3.373908846,3.680611492,3.668453763,3.788759133,4.315176302,4.012160254,4.199341955,4.328688615,4.168911094,3.866309654
1,0.937777778,0.8,4.796685906,4.601227931,4.844168437,4.155733079,4.068830628,4.666685708,4.382428021,4.040322273,3.908632471,3.935886595,3.950311088,3.867386361,3.604124392,3.800723345,3.359710204,3.483922876,3.406798452,2.924722656,2.980947601,2.698718726,2.679121955,2.678898561,2.827997248,2.833001917,2.790600199,2.696347934,2.731600346,2.644870371,2.551282494,2.53892029,2.588096726,2.652640749,2.723752176,2.848358651,2.837210723,2.702897352,2.859321842,2.942785068,3.222629693,3.297553847,3.410686582,3.362989774,3.348357615,3.652739983,3.64067423,3.760069461,4.282504161,3.981780501,4.167546128,4.29591425,4.137345484,3.837033294
1,0.933333333,0.78,4.759435108,4.56549424,4.806549089,4.123457233,4.037229303,4.630443947,4.348392613,4.008942224,3.878274573,3.905317156,3.919629689,3.837348608,3.576130027,3.771203017,3.333612936,3.456861492,3.380335693,2.902001677,2.957790215,2.677751946,2.658307281,2.658085622,2.806027032,2.810992857,2.768920253,2.675399556,2.710378345,2.624321551,2.531460085,2.519193834,2.567988573,2.632031617,2.702591091,2.826230395,2.815168995,2.681898138,2.837108492,2.919923892,3.197596416,3.271939024,3.384193645,3.33686705,3.322348462,3.624368273,3.612396172,3.730864681,4.249244343,3.950854842,4.135178592,4.262550346,4.10521236,3.807231135
1,0.928888889,0.76,4.721460307,4.529066265,4.768198517,4.09055484,4.005014643,4.593497948,4.313696189,3.976953175,3.847327698,3.874154595,3.888352976,3.806728149,3.547592985,3.741110119,3.307010152,3.429275708,3.35336026,2.878841322,2.934184904,2.656380154,2.637090575,2.636870684,2.783632149,2.788558367,2.746821324,2.654046526,2.688746332,2.603375908,2.511255082,2.499086664,2.547492227,2.61102448,2.681021188,2.803674374,2.792701197,2.660493277,2.81446571,2.896620594,3.172078469,3.245828137,3.357187442,3.310238312,3.295835522,3.595446494,3.58356988,3.701093512,4.215338701,3.919329084,4.102182712,4.228538579,4.072455483,3.776850886
1,0.924444444,0.74,4.682683959,4.491869566,4.729038426,4.056958534,3.972120664,4.555772233,4.278267783,3.944289594,3.815728405,3.842335041,3.856416845,3.775462198,3.518454661,3.710382925,3.27984713,3.401108826,3.325816681,2.855193775,2.91008296,2.634559122,2.61542792,2.615209834,2.760766316,2.765652087,2.724257726,2.632244654,2.666659558,2.581990066,2.490625598,2.478557088,2.526565218,2.58957584,2.65899784,2.780643984,2.769760903,2.638638474,2.791346718,2.87282707,3.146023302,3.219167449,3.32961244,3.283048786,3.268764249,3.565915269,3.554136168,3.670694874,4.180717859,3.887138625,4.068490935,4.193809359,4.039007781,3.745830242
1,0.92,0.72,4.643016794,4.453818469,4.688978671,4.022590837,3.938471486,4.517179925,4.242025748,3.910876126,3.783403763,3.809785059,3.8237476,3.743478583,3.488647725,3.678950487,3.252061037,3.372295729,3.297641257,2.831004206,2.885428517,2.612238178,2.593269004,2.593052765,2.737376483,2.742220875,2.701177096,2.609943312,2.644066745,2.560114346,2.469523672,2.457557375,2.505158909,2.567635873,2.636469917,2.757085801,2.746294892,2.616282981,2.76769789,2.848488159,3.119370605,3.191895271,3.301404868,3.255235576,3.24107202,3.535706374,3.524027034,3.639598566,4.145302004,3.854209187,4.034025567,4.158282629,4.004792115,3.71409759
1,0.915555556,0.7,4.602358638,4.414816851,4.647918092,3.987364859,3.90398202,4.477623541,4.204878494,3.876628273,3.750272003,3.776422315,3.790262606,3.71069639,3.458096719,3.646733274,3.223581481,3.342763451,3.268762621,2.80621124,2.860159035,2.589360631,2.570557543,2.570343197,2.71340328,2.718205257,2.677520839,2.587085858,2.620910522,2.537693173,2.447895672,2.436034146,2.483218901,2.545148845,2.613380208,2.732940032,2.722243603,2.593370019,2.743459206,2.823542111,3.092052828,3.163942501,3.272493279,3.226728226,3.212688679,3.504743343,3.493166262,3.607725901,4.109001621,3.820457485,3.998699471,4.121868593,3.969721975,3.681572644
1,0.911111111,0.68,4.560599144,4.374758838,4.605745258,3.951184925,3.86855858,4.436995712,4.166725157,3.841453002,3.716243104,3.742156167,3.755870891,3.677026544,3.426718595,3.613643735,3.194331007,3.312431693,3.239102239,2.780747377,2.834205728,2.565864155,2.547231659,2.547019258,2.688781421,2.693539832,2.653224525,2.56361002,2.597127808,2.514665453,2.425682643,2.413928732,2.460685401,2.522053483,2.589665813,2.708140925,2.69754154,2.569837168,2.718564664,2.797921013,3.063995654,3.135233104,3.242799051,3.197449203,3.183537031,3.472942015,3.461469968,3.574990259,4.071718132,3.785791826,3.962416703,4.084468367,3.933702107,3.648167024
1,0.906666667,0.66,4.517618429,4.333529417,4.562339102,3.913947115,3.832099412,4.395179792,4.127456172,3.805249267,3.681219303,3.70688817,3.720473652,3.642372305,3.39442317,3.579586795,3.164225522,3.281213268,3.208574845,2.754539358,2.807493936,2.54168112,2.52322421,2.52301381,2.663440057,2.668153626,2.628218237,2.539448227,2.572650155,2.490964896,2.402820629,2.391177482,2.437493533,2.498283303,2.565258479,2.682617124,2.672117624,2.545616692,2.692942632,2.771551155,3.035118403,3.105684536,3.212236819,3.167314332,3.153533264,3.440210998,3.428847059,3.541297575,4.033344459,3.750112622,3.925073049,4.045974541,3.896629049,3.613784748
1,0.902222222,0.64,4.473287592,4.291004926,4.517569451,3.875539711,3.794495127,4.352050366,4.086953743,3.767908444,3.645095506,3.670512501,3.683964677,3.606629689,3.361113517,3.544460251,3.133174648,3.24901447,3.1770888,2.727508467,2.779943437,2.516738868,2.498463064,2.498254729,2.637303065,2.641970382,2.602426853,2.514527886,2.547404025,2.46652029,2.379240925,2.367712025,2.413573607,2.473766887,2.540084879,2.656291959,2.645895484,2.520635824,2.666516151,2.744353339,3.005334373,3.075208087,3.180714842,3.13623315,3.122587306,3.406452058,3.395199626,3.506546739,3.993765487,3.713312819,3.886556474,4.006271638,3.858391576,3.578322642
1,0.897777778,0.62,4.427469117,4.247053443,4.471297428,3.835843543,3.755629041,4.307473638,4.045092211,3.729314668,3.607759615,3.632916282,3.646230677,3.569687775,3.326686252,3.508155095,3.101081999,3.215735355,3.14454637,2.699570769,2.751468684,2.490959934,2.472871316,2.472665114,2.610289276,2.61490879,2.575770277,2.488771596,2.521311008,2.441255708,2.354870284,2.343459466,2.388851321,2.448428084,2.514066828,2.629083681,2.61879369,2.494816976,2.639203154,2.716243111,2.974551101,3.043709148,3.148135272,3.104109175,3.090603096,3.371560423,3.360423241,3.470629904,3.952858417,3.675278227,3.846747469,3.965236476,3.818871044,3.541670658
1,0.893333333,0.6,4.380017146,4.201535047,4.423375734,3.794732222,3.715377405,4.261307699,4.001738302,3.689345052,3.569092745,3.5939798,3.6071515,3.531428935,3.29103174,3.470555721,3.067845363,3.181269941,3.110843912,2.670637263,2.721978972,2.46426218,2.446367424,2.446163433,2.58231263,2.586882635,2.548163583,2.462097296,2.494287972,2.415090652,2.329631049,2.318342525,2.3632479,2.422186158,2.48712143,2.60090561,2.590725899,2.468077885,2.610916628,2.687130922,2.942670539,3.011087396,3.114394351,3.070840096,3.057478766,3.335424979,3.324407159,3.4334327,3.910493008,3.635887738,3.805519287,3.922738407,3.777941623,3.503712086
1,0.888888889,0.58,4.330777613,4.154301945,4.37364878,3.752072251,3.673609513,4.213402655,3.956751243,3.647869805,3.528969332,3.553576615,3.566600244,3.491728924,3.254034188,3.431540025,3.033356792,3.145506292,3.075871966,2.640613962,2.691378506,2.436558873,2.418865284,2.418663585,2.553282243,2.557800874,2.519517087,2.434418326,2.466247127,2.387940113,2.303441217,2.292279594,2.336680159,2.394955855,2.459161148,2.571666207,2.561600933,2.440331683,2.581564685,2.656922206,2.909589138,2.977236878,3.079382493,3.036317859,3.023106732,3.297928374,3.287034412,3.394834328,3.866531696,3.595013439,3.762738052,3.878639437,3.735470406,3.464323658
1,0.884444444,0.56,4.279588221,4.10519845,4.321952661,3.707723008,3.630187679,4.163600604,3.909982746,3.604752208,3.487257108,3.511573539,3.524443232,3.450456872,3.215571627,3.390979391,2.997502581,3.108326503,3.039515237,2.609401872,2.659566391,2.407758662,2.390274206,2.390074892,2.523102391,2.527567613,2.489736331,2.405643415,2.437096008,2.359714563,2.276214422,2.265184727,2.309060488,2.366647381,2.430093783,2.541269061,2.531322756,2.411486878,2.551050542,2.625517356,2.87519783,2.942045991,3.04298427,3.00042865,2.987373675,3.258946995,3.248181797,3.354707545,3.820829571,3.552520591,3.718262741,3.832794202,3.691317392,3.42337553
1,0.88,0.54,4.226278246,4.054060793,4.268114966,3.661536574,3.584967078,4.11173545,3.861276829,3.559848449,3.443816947,3.467830477,3.480539856,3.40747512,3.175515765,3.348738531,2.960163135,3.069606559,3.001652453,2.576896871,2.626436507,2.377765466,2.360498808,2.360301977,2.491672395,2.496081995,2.458721965,2.375676568,2.406737365,2.330319837,2.24785983,2.236967528,2.280296743,2.337166294,2.399822366,2.509612769,2.499790362,2.381447241,2.519272405,2.59281161,2.839381895,2.905397349,3.005078273,2.963052754,2.950160401,3.21835082,3.207719721,3.312918512,3.773234206,3.508267464,3.671945018,3.785049797,3.645335318,3.380731121
1,0.875555556,0.52,4.17066816,4.000716757,4.211954389,3.613357403,3.537795414,4.057632527,3.81046946,3.513007298,3.398502548,3.422200106,3.434742254,3.36263891,3.133731694,3.304675181,2.921212691,3.029216049,2.962156089,2.542989475,2.591877264,2.346478256,2.329438794,2.329244553,2.458886389,2.463237967,2.426369523,2.344416844,2.375068941,2.29965692,2.218281929,2.207532949,2.250292035,2.306413291,2.368244929,2.476590702,2.466897539,2.350111586,2.486123235,2.558694806,2.8020207,2.867167517,2.965536832,2.924064288,2.911341574,3.176003122,3.165511907,3.269326484,3.723585309,3.46210502,3.623628892,3.735245429,3.597369324,3.33624681
1,0.871111111,0.5,4.112569015,3.944985095,4.153280113,3.563021792,3.488512408,4.001108008,3.757388008,3.464069599,3.35115994,3.374527382,3.386894814,3.315795894,3.090077436,3.25863962,2.880518896,2.987017731,2.920891939,2.507564461,2.555771227,2.313790712,2.296988616,2.296797081,2.424632961,2.42892392,2.392569066,2.311758017,2.341983119,2.267621614,2.187380205,2.176780962,2.218944399,2.274283867,2.335254168,2.442090647,2.432532513,2.317373429,2.451490389,2.523051012,2.762987291,2.827226591,2.924225587,2.88333077,2.870785287,3.131760008,3.12141494,3.223783344,3.671714184,3.413876407,3.573150195,3.683211875,3.547256432,3.289771446
1,0.866666667,0.48,4.051781596,3.886674706,4.091890949,3.51035714,3.436949067,3.941968075,3.701850461,3.412867543,3.301626783,3.324648835,3.336833466,3.266785448,3.044403297,3.210473992,2.837942208,2.942866901,2.877718503,2.470500352,2.517994581,2.279590741,2.263036994,2.262848289,2.388794649,2.393022184,2.357204685,2.27758809,2.307366441,2.234104061,2.155048687,2.144606109,2.186146335,2.24066784,2.300736949,2.405994295,2.396577438,2.283120502,2.415255101,2.485757998,2.722147819,2.785437608,2.881002877,2.84071252,2.82835247,3.085469766,3.075277607,3.17613292,3.617442968,3.363416248,3.520335837,3.628770713,3.494824806,3.241145663
1,0.862222222,0.46,3.988095259,3.82558353,4.027574171,3.45518095,3.38292671,3.880007795,3.643664366,3.359223701,3.249731431,3.272391621,3.284384733,3.215437735,2.996551002,3.160011386,2.793335083,2.896610561,2.832486171,2.431668703,2.478416414,2.243759822,2.227466268,2.22728053,2.351247255,2.355408342,2.320153825,2.24178865,2.271098942,2.198988105,2.121175329,2.110896888,2.151784182,2.205448714,2.264573653,2.368176556,2.358907715,2.247234102,2.3772918,2.446686528,2.679360757,2.741655753,2.835718921,2.79606185,2.783896077,3.036971985,3.026940027,3.126210089,3.560583595,3.310549685,3.465002801,3.57173329,3.439892754,3.190200957
1,0.857777778,0.44,3.92128643,3.761497105,3.96010399,3.397299521,3.326255687,3.815009652,3.582625456,3.302949752,3.195291701,3.217572286,3.229364489,3.161572493,2.946352559,3.107074648,2.74654092,2.848086324,2.785036148,2.390933188,2.436897781,2.206172164,2.19015156,2.189968933,2.311858964,2.315950343,2.281286412,2.204234012,2.233053297,2.162150464,2.08564121,2.075534955,2.115737303,2.168502845,2.226637321,2.328504664,2.319391095,2.209588243,2.33746721,2.405699434,2.634475896,2.695727324,2.788214743,2.749222009,2.737260037,2.986096408,2.976232506,3.073839592,3.500936458,3.255091125,3.406956836,3.511899373,3.382267434,3.136758483
1,0.853333333,0.42,3.851116677,3.69418671,3.889239614,3.33650628,3.266733743,3.746741674,3.51851589,3.243844857,3.138113299,3.159995183,3.17157637,3.104997482,2.893628812,3.051474851,2.697392713,2.797121007,2.735199086,2.348148423,2.393290499,2.166693615,2.150959692,2.150780334,2.270489196,2.274507363,2.240463726,2.164790146,2.193093722,2.123459664,2.048319509,2.0383941,2.077877045,2.129698371,2.186792557,2.28683703,2.277886543,2.170048564,2.295639194,2.362650434,2.587333043,2.647488404,2.738320801,2.700025825,2.688277907,2.932661463,2.92297407,3.018834522,3.438288679,3.196842639,3.345990781,3.449055418,3.321743185,3.080627507
1,0.848888889,0.4,3.777330254,3.623407023,3.814722765,3.272579653,3.20414394,3.674955047,3.451102009,3.181693599,3.077987829,3.099450462,3.110809756,3.045506502,2.838187599,2.993009351,2.645711331,2.743528858,2.682793344,2.303158468,2.347435634,2.125180286,2.109747821,2.109571898,2.226987171,2.230928351,2.197536982,2.123313286,2.151074574,2.082774685,2.009074195,1.999338955,2.038065418,2.088893861,2.144894137,2.243021785,2.234242787,2.128470955,2.251655302,2.317382624,2.537760375,2.596763175,2.685855249,2.648293993,2.636771162,2.876472395,2.86697061,2.960994401,3.37241193,3.135591931,3.281882435,3.38297238,3.258099416,3.02160345
1,0.844444444,0.38,3.69965101,3.548893145,3.73627456,3.205280392,3.13825203,3.599381106,3.38013151,3.116263371,3.014690266,3.035711529,3.046837225,2.982876904,2.779821426,2.931459334,2.591303352,2.687109303,2.627622789,2.255794943,2.299161569,2.081476807,2.066361704,2.0661894,2.181190077,2.185050208,2.152345518,2.079648202,2.10683859,2.03994326,1.967758389,1.95822335,1.996153419,2.045936597,2.100785251,2.196894946,2.188296484,2.084699805,2.205350918,2.269726586,2.485572361,2.543361794,2.630621726,2.593832903,2.582547034,2.817318912,2.808012527,2.900102759,3.30305966,3.071109764,3.214391865,3.313402939,3.191097934,2.959465408
1,0.84,0.36,3.617778477,3.470356851,3.653591556,3.134348177,3.068803139,3.519727525,3.305329877,3.047301084,2.94797577,2.968531837,2.979411323,2.916866431,2.718304529,2.866586722,2.53395832,2.627644105,2.569474015,2.205874642,2.248281573,2.035414129,2.02063352,2.020465029,2.132920766,2.136695472,2.104714531,2.03362599,2.060214661,1.994799711,1.924212276,1.914888245,1.95197893,2.000660417,2.054295282,2.148278089,2.139869909,2.038565803,2.156546932,2.21949798,2.430567134,2.487077699,2.572406587,2.536431892,2.525395777,2.754972203,2.745871767,2.835924061,3.22996361,3.003146717,3.143258015,3.240077995,3.120479574,2.893973027
1,0.835555556,0.34,3.531382909,3.387481834,3.566340742,3.059497325,2.995517556,3.435673495,3.22639584,2.974528988,2.877575645,2.897640817,2.908260491,2.847209223,2.653389143,2.798130235,2.473445274,2.564893765,2.508112826,2.153196506,2.194590724,1.986806731,1.972379096,1.972214628,2.081984829,2.085669392,2.054452182,1.985061295,2.011015006,1.947162219,1.878260471,1.869159105,1.905364034,1.952882966,2.005236986,2.096975406,2.088768021,1.989883141,2.105046783,2.166494507,2.372523155,2.427684201,2.510975365,2.475859775,2.465087212,2.689181163,2.680298053,2.768199823,3.152829382,2.931429064,3.068194389,3.162702227,3.045959915,2.824862532
1,0.831111111,0.32,3.440098959,3.299917633,3.474153155,2.980411308,2.918085375,3.346863571,3.142995606,2.897639347,2.803192185,2.822738685,2.833083848,2.773610714,2.584800757,2.725800386,2.409508318,2.498592926,2.443279737,2.097537771,2.137861976,1.935449063,1.921394372,1.921234156,2.028166869,2.031756189,2.001345923,1.933748745,1.95903157,1.896829335,1.829708652,1.820842551,1.856111606,1.902402205,1.953402908,2.04276995,2.03477472,1.938445949,2.050632687,2.110492028,2.31119497,2.364930139,2.446068281,2.411860407,2.401366307,2.619667576,2.611014088,2.696643656,3.071330793,2.855653528,2.988883559,3.080948431,2.967223832,2.751841671
1,0.826666667,0.3,3.343517539,3.207271829,3.376615657,2.896735702,2.836159581,3.252899751,3.054755417,2.81628758,2.724492039,2.743489767,2.753544487,2.695741073,2.512231989,2.649273028,2.341860919,2.42844446,2.374684198,2.038649001,2.077841097,1.881110963,1.867450861,1.867295142,1.9712257,1.974714249,1.945157757,1.879458382,1.904031387,1.843575491,1.778339234,1.76972205,1.80400092,1.848991902,1.898560751,1.985418797,1.977648035,1.884023711,1.993060786,2.051239565,2.246307736,2.29853428,2.377394454,2.344146972,2.333947496,2.546119917,2.537709377,2.620934879,2.985102606,2.77548052,2.904970093,2.994450228,2.883918467,2.674583199
1,0.822222222,0.28,3.241175218,3.109099876,3.27326023,2.808069004,2.749347068,3.153331166,2.961251866,2.730083332,2.641097577,2.6595138,2.669260754,2.613226655,2.435334633,2.568180958,2.27017848,2.35411177,2.301997066,1.976247629,2.014240087,1.8235317,1.810289722,1.81013877,1.910888099,1.914269867,1.885618074,1.821929703,1.845750549,1.787145158,1.723905729,1.71555231,1.748781932,1.792395777,1.840447364,1.924646757,1.917113852,1.826355291,1.932054831,1.988452806,2.177550101,2.228178034,2.304624362,2.272394558,2.26250728,2.468185278,2.460032179,2.540710216,2.89373107,2.690525343,2.816051347,2.902792569,2.795644094,2.592716406
1,0.817777778,0.26,3.132540231,3.00489168,3.163549845,2.713950507,2.657196763,3.047640462,2.861999114,2.638578693,2.552575487,2.570374451,2.579794715,2.525638719,2.353709132,2.482102826,2.194088543,2.275208629,2.224840661,1.910009419,1.946728478,1.762412094,1.74961395,1.749468057,1.846840555,1.850108976,1.82241751,1.760863792,1.78388623,1.727245126,1.666125302,1.658051866,1.690167726,1.732319759,1.778760793,1.860138062,1.852857638,1.765141047,1.867297838,1.921805513,2.104564805,2.153495833,2.227379898,2.196230346,2.186674461,2.385458717,2.377578886,2.455552825,2.796741424,2.600346575,2.721665304,2.805499207,2.701942044,2.505815915
1,0.813333333,0.24,3.016993679,2.894053559,3.046859475,2.613844011,2.55918368,2.935225514,2.756431713,2.541252354,2.458421453,2.475563886,2.484636675,2.432478272,2.266890461,2.39054824,2.113157621,2.191285519,2.142775419,1.839557009,1.874921653,1.697403944,1.68507787,1.684937359,1.778718185,1.781866047,1.755196006,1.695912751,1.718085987,1.66353414,1.604668776,1.596893136,1.627824373,1.668421591,1.713149606,1.791525201,1.784513323,1.700032236,1.798420883,1.850917994,2.026936045,2.074062209,2.145220994,2.115220421,2.106017013,2.297468935,2.289879758,2.364977559,2.693581111,2.504430462,2.621274241,2.702015855,2.602278491,2.41338665
1,0.808888889,0.22,2.893803754,2.775883526,2.92245007,2.507115498,2.454687058,2.815374348,2.643881057,2.437487904,2.358039156,2.374481629,2.383183958,2.333155287,2.17432876,2.292937342,2.026873141,2.10181092,2.055281584,1.764444192,1.798364826,1.628095522,1.616272747,1.616137973,1.70608954,1.709108868,1.683527818,1.626665218,1.647933076,1.595608691,1.539146918,1.531688773,1.561357026,1.600296577,1.643198258,1.71837362,1.71164805,1.630616496,1.724987737,1.775341285,1.944172165,1.989374073,2.057627302,2.028851712,2.020024098,2.203658653,2.196379358,2.268410764,2.583596772,2.402169524,2.514242337,2.591687108,2.496022222,2.314843215
1,0.804444444,0.2,2.762089542,2.649536564,2.789431994,2.393001767,2.342959657,2.687229924,2.523542313,2.326543339,2.250710775,2.266404854,2.274711088,2.226959519,2.075362131,2.188572132,1.934618094,2.006145009,1.9617335,1.684133847,1.716510551,1.553991215,1.542706565,1.542577925,1.628435261,1.631317162,1.606900458,1.552626013,1.572925844,1.522983052,1.46909119,1.46197251,1.490290384,1.527457565,1.568406535,1.64016022,1.633740771,1.556397445,1.646473289,1.694534948,1.855681331,1.898825831,1.96397245,1.936506609,1.928080792,2.103357046,2.096409075,2.165161904,2.466001923,2.292832508,2.399804221,2.473724021,2.382413411,2.209480938
1,0.8,0.18,2.620768702,2.513974438,2.646712192,2.270565106,2.223083374,2.549739236,2.394426614,2.207506988,2.135554357,2.150445456,2.158326706,2.113018321,1.969177333,2.076595004,1.835634389,1.903501668,1.86136245,1.597966035,1.628686202,1.474482082,1.463774804,1.463652747,1.545117238,1.547851688,1.524684251,1.473186729,1.49244793,1.445060435,1.393925921,1.387171464,1.41404047,1.449306012,1.48815985,1.556242295,1.550151294,1.476765198,1.56223236,1.607834969,1.760736384,1.801673419,1.863486846,1.837426279,1.829431565,1.995739903,1.989147421,2.054382548,2.339830248,2.175520954,2.277019516,2.347157249,2.260518498,2.096434022
1,0.72,0.16,2.468479181,2.367890595,2.492915127,2.138625468,2.093902839,2.401577147,2.255289543,2.079231577,2.011460021,2.025485818,2.032909098,1.990233526,1.854750953,1.955926721,1.728968019,1.792891617,1.753201056,1.505110269,1.534045327,1.388801811,1.37871672,1.378601755,1.455332449,1.457908003,1.436086796,1.38758173,1.405723687,1.361089819,1.312926666,1.306564702,1.331872384,1.36508869,1.401684781,1.465811043,1.460073982,1.390952258,1.471453032,1.514405733,1.658422242,1.696980478,1.755202005,1.730655785,1.723125633,1.879770007,1.873560605,1.935005003,2.203865702,2.04910421,2.144704821,2.210766939,2.129162656,1.974612919
1,0.64,0.14,2.303457033,2.209592969,2.326259394,1.995654617,1.953921774,2.241027516,2.104519494,1.940231311,1.876990403,1.89007855,1.897005572,1.857182936,1.73075761,1.825169601,1.613383485,1.673033679,1.6359965,1.404491017,1.431491715,1.295957982,1.286547097,1.286439817,1.35804093,1.360444304,1.340081883,1.294819465,1.311748601,1.270098585,1.225155223,1.219218567,1.242834386,1.273830125,1.307979703,1.367819012,1.362465484,1.297964668,1.373083825,1.413165062,1.547553816,1.583534366,1.637863683,1.61495842,1.607931672,1.754104096,1.748309804,1.805646536,2.056533427,1.912118012,2.001327555,2.062973305,1.986824411,1.842606594
1,0.56,0.12,2.123335465,2.036811214,2.144354768,1.839602026,1.801132532,2.065787699,1.939954085,1.788512612,1.730216901,1.742281605,1.74866696,1.711958303,1.595418956,1.682448289,1.48722304,1.542208816,1.508067804,1.294665168,1.319554514,1.194619003,1.185944013,1.185845122,1.251847301,1.25406274,1.235292583,1.193569514,1.209174856,1.170781712,1.12935275,1.123880318,1.14564947,1.17422146,1.205700671,1.260860774,1.255925871,1.196468774,1.265713899,1.302660936,1.426541,1.459708009,1.50978898,1.488674822,1.482197539,1.616939835,1.611598635,1.664451853,1.895720345,1.762597665,1.844831361,1.901656649,1.831462308,1.698521775
1,0.48,0.1,1.924791375,1.846357639,1.943845252,1.667588646,1.632716271,1.872624656,1.758557209,1.621276386,1.56843166,1.579368245,1.585156532,1.551880345,1.446238098,1.525129687,1.348159124,1.398003413,1.367054782,1.173606521,1.19616857,1.082915248,1.07505142,1.074961776,1.134792371,1.136800654,1.119785615,1.081963893,1.096110045,1.061306881,1.023751766,1.018791038,1.038524649,1.064424993,1.092960717,1.142963033,1.138489571,1.084592055,1.147362362,1.180854638,1.293151204,1.323216906,1.368615018,1.349475155,1.343603536,1.465746652,1.460904884,1.508816022,1.718459579,1.597784636,1.672329008,1.723840804,1.660210038,1.539700211
1,0.4,0.08,1.702865645,1.633475209,1.719722637,1.475318028,1.444466389,1.656713676,1.555798044,1.434345506,1.387593702,1.397269315,1.402390221,1.372950731,1.279488886,1.349284386,1.192718279,1.236815592,1.209435295,1.038291345,1.058252022,0.958056648,0.951099508,0.9510202,1.003952412,1.005729143,0.990675913,0.957214982,0.969730103,0.938939695,0.905714632,0.901325869,0.918784222,0.941698293,0.966943888,1.011181007,1.00722333,0.959540121,1.0150731,1.044703765,1.144052695,1.170651864,1.210815638,1.193882574,1.188687944,1.296748131,1.292464612,1.334851664,1.520323614,1.413562322,1.479511833,1.525084392,1.468790163,1.362174949
1,0.32,0.06,1.449481789,1.390416546,1.463830486,1.255792917,1.229531955,1.410197164,1.324297627,1.220917044,1.181121839,1.189357735,1.193716657,1.16865772,1.089102857,1.148512892,1.015243587,1.052779286,1.029473135,0.883795149,0.900785707,0.815499255,0.809577327,0.80950982,0.854565797,0.856078153,0.843264822,0.814782827,0.825435717,0.799226876,0.770945652,0.76720993,0.782070507,0.801574998,0.823064087,0.860718789,0.857350008,0.816761989,0.864031744,0.88925341,0.973819368,0.996460621,1.030648086,1.016234636,1.011812959,1.103793952,1.100147815,1.136227737,1.294101739,1.203226367,1.25936269,1.29815412,1.250236388,1.159485358
1,0.24,0.04,1.14953541,1.102692746,1.16091488,0.995927259,0.97510057,1.11838009,1.050256048,0.968268374,0.936708131,0.943239743,0.946696659,0.926823256,0.863730962,0.910847068,0.80515565,0.834923954,0.816440628,0.700908301,0.714382943,0.646745117,0.642048635,0.641995097,0.677727483,0.678926881,0.668765058,0.646176943,0.654625393,0.633840039,0.611411149,0.608448473,0.620233898,0.635702257,0.652744532,0.682607214,0.679935547,0.64774655,0.685234608,0.705237065,0.772303491,0.79025951,0.817372442,0.805941618,0.802434935,0.875381976,0.872490347,0.901104123,1.026308701,0.954238491,0.998758326,1.029522509,0.991520563,0.919548963
1,0.16,0.02,0.766289579,0.735063881,0.773875226,0.663893146,0.650009907,0.745521191,0.700109155,0.64545551,0.624417197,0.628771223,0.631075631,0.61782786,0.575770028,0.607178004,0.536723252,0.556567044,0.54424591,0.467231129,0.476213434,0.431125513,0.4279948,0.427959111,0.451778608,0.452578137,0.445804183,0.430746764,0.436378568,0.422522884,0.407571605,0.405596661,0.413452921,0.423764253,0.435124772,0.455031476,0.453250521,0.431793076,0.456782918,0.470116718,0.514823738,0.526793365,0.544867064,0.537247185,0.534909602,0.583536688,0.581609105,0.600683279,0.684145661,0.636103077,0.665780358,0.686288011,0.660955607,0.612978758
1,0.08,0,3.69E-10,3.71E-10,3.68E-10,3.78E-10,3.79E-10,3.70E-10,3.74E-10,3.79E-10,3.81E-10,3.81E-10,3.80E-10,3.82E-10,3.85E-10,3.83E-10,3.89E-10,3.87E-10,3.88E-10,3.95E-10,3.94E-10,3.98E-10,3.98E-10,3.98E-10,3.96E-10,3.96E-10,3.97E-10,3.98E-10,3.98E-10,3.99E-10,4.00E-10,4.00E-10,4.00E-10,3.99E-10,3.98E-10,3.96E-10,3.96E-10,3.98E-10,3.96E-10,3.95E-10,3.91E-10,3.90E-10,3.88E-10,3.89E-10,3.89E-10,3.85E-10,3.85E-10,3.83E-10,3.76E-10,3.80E-10,3.77E-10,3.76E-10,3.78E-10,3.82E-10
1,0,-0.02,0.00001,,,,,,,,,,,,,,,,,,,,,,,,,,,,,,,,,,,,,,,,,,,,,,,,,,,
